filename,label
audio_128.wav,2.8290663283798585
audio_156.wav,4.3074772252653615
audio_19.wav,4.603937565977132
audio_108.wav,1.8889171877963213
audio_206.wav,2.0962163863976855
audio_161.wav,2.9038302661192636
audio_215.wav,2.7649817054557695
audio_213.wav,1.9344800768359796
audio_11.wav,3.484679702452267
audio_155.wav,3.56715904995761
audio_39.wav,2.9166400737687646
audio_168.wav,3.0761518663944623
audio_133.wav,2.4904258534202315
audio_28.wav,2.7453925665527086
audio_40.wav,3.0071791736730598
audio_181.wav,2.5172142051163937
audio_201.wav,2.906511895355314
audio_182.wav,3.116549944415236
audio_126.wav,2.790514604450308
audio_10.wav,2.29243354418275
audio_134.wav,2.3665957138971763
audio_69.wav,4.61460936929508
audio_112.wav,3.731012567810917
audio_180.wav,2.318129432868284
audio_177.wav,2.8290710239861996
audio_77.wav,5.0
audio_111.wav,3.487523354728237
audio_18.wav,3.8097308625371733
audio_175.wav,4.489916432260624
audio_33.wav,3.5873895098101443
audio_15.wav,2.75867300418771
audio_4.wav,3.690884585526506
audio_27.wav,2.619637297859105
audio_96.wav,3.126864773435685
audio_116.wav,2.6673364186817254
audio_1.wav,2.428623231713558
audio_22.wav,3.6632851005372356
audio_114.wav,2.3108279051001253
audio_146.wav,2.694002683619957
audio_46.wav,4.901952705773995
audio_144.wav,3.654030922310244
audio_75.wav,4.862384845787414
audio_200.wav,3.4256787723571973
audio_196.wav,2.101468989805382
audio_190.wav,3.4222916910446424
audio_158.wav,2.3583386359156937
audio_17.wav,2.1997592028894792
audio_105.wav,4.4818124342696395
audio_141.wav,3.419650893392315
audio_129.wav,4.089489236037021
audio_6.wav,3.5425335729002683
audio_70.wav,5.0
audio_35.wav,3.8422543151410764
audio_203.wav,3.693202813052415
audio_90.wav,3.772558067127375
audio_16.wav,3.221188072125928
audio_138.wav,4.134865391699302
audio_100.wav,2.9499759395026017
audio_115.wav,1.9869241905229478
audio_118.wav,4.197385103456876
audio_137.wav,3.4121356408481676
audio_101.wav,3.3084898027879976
audio_193.wav,2.238380211313415
audio_102.wav,3.934108425545289
audio_52.wav,3.076336648564293
audio_172.wav,2.6485511797941084
audio_191.wav,3.1710901910208955
audio_194.wav,2.606510312923529
audio_67.wav,3.2722417240222583
audio_160.wav,2.8620742808419215
audio_179.wav,1.9595503121503053
audio_55.wav,2.833459940203925
audio_145.wav,3.7803643019271145
audio_197.wav,2.9089601318894465
audio_139.wav,3.085250129279408
audio_91.wav,3.982862457943771
audio_8.wav,1.9507337230086914
audio_136.wav,3.9032442946492694
audio_199.wav,2.658528156439276
audio_110.wav,4.205690648206008
audio_208.wav,2.8271144949151266
audio_152.wav,4.546615974748724
audio_94.wav,3.22562951987197
audio_174.wav,3.634320858292965
audio_23.wav,4.028120339751577
audio_56.wav,2.5169952686774195
audio_97.wav,2.625497904396533
audio_148.wav,3.627886859160509
audio_59.wav,2.9147146849324876
audio_5.wav,2.420864366578442
audio_119.wav,3.737405199213957
audio_80.wav,3.057394578956427
audio_58.wav,2.652703761871976
audio_123.wav,3.7144104327405647
audio_188.wav,2.6408817605216344
audio_121.wav,2.3320793867480982
audio_107.wav,2.8519308207434158
audio_214.wav,2.905060902568785
audio_73.wav,5.0
audio_169.wav,3.5134929009774782
audio_7.wav,2.8393364422179417
audio_42.wav,3.1056382470736423
audio_88.wav,4.646418108618983
audio_64.wav,2.2732811996273026
audio_195.wav,2.7813531184008937
audio_57.wav,2.634698926321108
audio_13.wav,2.5792138073116533
audio_125.wav,3.392055454387043
audio_209.wav,2.843093520759159
audio_211.wav,2.9980402628997678
audio_63.wav,2.584362305773975
audio_86.wav,4.7347016647967255
audio_78.wav,4.977646535417944
audio_38.wav,3.4364950742170164
audio_186.wav,2.299368044238398
audio_154.wav,3.4031992971777774
audio_21.wav,1.9795991564286668
audio_120.wav,2.6395123710562225
audio_183.wav,2.8338040679385426
audio_25.wav,3.099617705277341
audio_122.wav,2.422832675405732
audio_36.wav,3.9414115093848014
audio_76.wav,5.0
audio_163.wav,2.213199355641523
audio_83.wav,4.840402807497298
audio_103.wav,2.1917399258288572
audio_93.wav,3.8296351934612085
audio_26.wav,3.272476440418474
audio_72.wav,5.0
audio_210.wav,2.7011397918080164
audio_104.wav,2.190474600766339
audio_81.wav,3.9120606965230778
audio_166.wav,3.0388748493938293
audio_202.wav,2.7227134607453314
audio_185.wav,2.3839563793553173
audio_9.wav,1.910588912611296
audio_207.wav,2.266110335839178
audio_127.wav,3.1080096418132
audio_12.wav,3.0741457773030665
audio_132.wav,2.8848648599847393
audio_109.wav,2.408293814502926
audio_32.wav,3.0910112709472886
audio_178.wav,3.586010460815437
audio_61.wav,2.826035793902224
audio_34.wav,3.5890712323073393
audio_106.wav,2.101815234385788
audio_49.wav,4.919232163310033
audio_149.wav,3.5955647243525526
audio_30.wav,4.066722014805772
audio_131.wav,2.5664694784784143
audio_162.wav,2.1953481685232674
audio_204.wav,3.607757768351245
audio_198.wav,2.732493531923258
audio_135.wav,3.6427660122292473
audio_187.wav,2.6406058338329874
audio_3.wav,2.8389429340144408
audio_98.wav,3.6006801931960783
audio_159.wav,3.2000506268581113
audio_167.wav,2.5057984313957578
audio_205.wav,2.491101324092177
audio_95.wav,3.021929467609668
audio_68.wav,4.876739366155685
audio_31.wav,4.33951436361415
audio_157.wav,2.901276320470417
audio_89.wav,4.393838192503065
audio_82.wav,4.714786322718135
audio_53.wav,3.0868530829283785
audio_37.wav,4.262367542176818
audio_113.wav,2.3828378543885043
audio_85.wav,4.872815791246615
audio_173.wav,4.338854395499674
audio_41.wav,4.7927005796675495
audio_51.wav,2.7740133548169386
audio_143.wav,3.7299929747065415
audio_92.wav,3.8354210494271808
audio_74.wav,4.986084617502165
audio_0.wav,3.2518303724345268
audio_147.wav,3.301299624586577
audio_130.wav,2.231329881108316
audio_192.wav,2.8028424345437717
audio_43.wav,4.942311949839887
audio_65.wav,2.35607256627449
audio_14.wav,3.3790079826591697
audio_117.wav,3.79729322937866
audio_212.wav,2.34753635407131
audio_79.wav,3.613580375544116
audio_171.wav,2.897903610718381
audio_60.wav,2.7790434859579842
audio_153.wav,3.4887606498620696
audio_176.wav,3.18716642175118
audio_2.wav,3.4880184791908158
audio_50.wav,4.689834438362146
audio_29.wav,3.2266727071297368
audio_142.wav,4.185580805068016
audio_47.wav,3.213981271400044
audio_84.wav,4.709284295274653
audio_164.wav,2.7893999774271228
audio_48.wav,4.468439621585896
audio_189.wav,2.4725138004399745
audio_151.wav,3.2784240636061184
audio_66.wav,1.8681540063980293
audio_44.wav,3.094861823425926
audio_150.wav,3.8060173556042503
audio_87.wav,4.745218983413158
audio_99.wav,3.4075082632061258
audio_62.wav,3.4558188324519024
audio_20.wav,2.403408144251318
audio_124.wav,2.905979967338226
audio_54.wav,2.75654622174528
audio_45.wav,4.8081123705266
audio_71.wav,4.967685937810169
audio_184.wav,2.7711451587643587
audio_24.wav,2.449975655810994
audio_140.wav,3.517465324081013
audio_165.wav,2.770314272677236
audio_170.wav,2.4753349138722087
